female	male	year	age
5.3580116586	5.6907534687	1975	0~5
5.7681924817	6.1156540533	1975	5~10
6.0490576117	6.3853375889	1975	10~15
5.795745804	6.0823065201	1975	15~20
5.2922781845	5.5368740195	1975	20~25
3.5741960116	3.7682589302	1975	25~30
2.7487305285	2.9009148628	1975	30~35
2.7049965639	2.8230382019	1975	35~40
2.3718540902	2.7703293744	1975	40~45
2.0647855658	3.0824216029	1975	45~50
1.6762344089	2.5041593497	1975	50~55
1.2652645868	1.7371106082	1975	55~60
1.0753932251	1.3564987531	1975	60~65
0.7966670219	0.8288433849	1975	65~70
0.5242897946	0.4762224999	1975	70~75
0.3100889109	0.2267940464	1975	75~80
0.1450895079	0.0854214632	1975	80~85
0.0567524471	0.0257225982	1975	85~90
0.019336638	0.006373632	1975	90+
5.3549703472	5.6899937556	1976	0~5
5.5800523253	5.9130250377	1976	5~10
5.922783938	6.2471196015	1976	10~15
5.7286433434	6.0194320332	1976	15~20
5.2871526249	5.5378622713	1976	20~25
3.9938027968	4.199258408	1976	25~30
2.6303131346	2.7777702385	1976	30~35
2.7152541684	2.8324755694	1976	35~40
2.3601279079	2.6276954815	1976	40~45
2.0815348277	3.0047943463	1976	45~50
1.6968966396	2.5507702565	1976	50~55
1.3236217197	1.8395285764	1976	55~60
1.0629239776	1.3820605236	1976	60~65
0.8241385252	0.8564731757	1976	65~70
0.5441461466	0.4986930734	1976	70~75
0.3257470248	0.2415237347	1976	75~80
0.1488202135	0.0903693466	1976	80~85
0.0573772672	0.0269545892	1976	85~90
0.0196987443	0.0061943081	1976	90+
5.3458308655	5.6922046152	1977	0~5
5.4489462863	5.7625278158	1977	5~10
5.7035539457	6.0196114774	1977	10~15
5.730872898	6.0359305826	1977	15~20
5.2669601262	5.5175516864	1977	20~25
4.2789464054	4.4931442876	1977	25~30
2.6391576901	2.7882272375	1977	30~35
2.6897558016	2.8086157531	1977	35~40
2.3775722064	2.5630413552	1977	40~45
2.0927253338	2.8882446939	1977	45~50
1.713902924	2.6061759195	1977	50~55
1.363524922	1.9191800902	1977	55~60
1.0617132881	1.3594673586	1977	60~65
0.8532137649	0.9402825592	1977	65~70
0.5597068082	0.521796727	1977	70~75
0.3373582585	0.2566275559	1977	75~80
0.154353265	0.0941354704	1977	80~85
0.0591456501	0.0285273361	1977	85~90
0.0208564681	0.0066105704	1977	90+
5.3747913602	5.734971755	1978	0~5
5.2563433982	5.5740415734	1978	5~10
5.5143234779	5.8392240984	1978	10~15
5.6865659747	5.989475594	1978	15~20
5.2785204189	5.5299142432	1978	20~25
4.4765435424	4.6940701786	1978	25~30
2.7256866462	2.8799666281	1978	30~35
2.6698691486	2.7976413416	1978	35~40
2.3905084444	2.5186875552	1978	40~45
2.0921214259	2.7371849809	1978	45~50
1.763134188	2.6722641506	1978	50~55
1.3983672481	1.9800271949	1978	55~60
1.0622124435	1.3734987567	1978	60~65
0.8772857373	0.9976636523	1978	65~70
0.5811251405	0.5422761157	1978	70~75
0.3370732762	0.2658800984	1978	75~80
0.1661212902	0.1039442485	1978	80~85
0.0610841767	0.0295422332	1978	85~90
0.0211074082	0.0069408553	1978	90+
5.4199644794	5.7856131998	1979	0~5
5.0858495838	5.3925462406	1979	5~10
5.3632811184	5.6762651593	1979	10~15
5.5888061079	5.8905150394	1979	15~20
5.2907909432	5.5367342552	1979	20~25
4.6181605531	4.8340350065	1979	25~30
2.9007641594	3.0674681913	1979	30~35
2.6059867411	2.7464182859	1979	35~40
2.4061015101	2.5000189534	1979	40~45
2.1021637779	2.5899006143	1979	45~50
1.7993546966	2.7088706895	1979	50~55
1.4354844566	2.0529762555	1979	55~60
1.0629897269	1.3903897192	1979	60~65
0.8917938921	1.0380339994	1979	65~70
0.6045921161	0.5758685183	1979	70~75
0.349528392	0.2808801904	1979	75~80
0.1736469455	0.1099294667	1979	80~85
0.0628396392	0.0317846361	1979	85~90
0.0221797021	0.0074730376	1979	90+
5.4043522202	5.775666282	1980	0~5
4.9405776601	5.2369113458	1980	5~10
5.2255154033	5.540818072	1980	10~15
5.475352972	5.7590089515	1980	15~20
5.2522869127	5.5046656198	1980	20~25
4.7461749709	4.9651438643	1980	25~30
3.1960077484	3.3797365366	1980	30~35
2.4692421497	2.6085457927	1980	35~40
2.4330113364	2.5290708478	1980	40~45
2.1235969445	2.4542192078	1980	45~50
1.8384073264	2.7013980963	1980	50~55
1.4746886938	2.1389669142	1980	55~60
1.0932660503	1.4451129766	1980	60~65
0.8974360697	1.0699648181	1980	65~70
0.6250528937	0.5960145098	1980	70~75
0.3669258404	0.2993058102	1980	75~80
0.1822399274	0.1189521464	1980	80~85
0.0669091831	0.0352009246	1980	85~90
0.0222657462	0.0079872348	1980	90+
5.2985950553	5.6555817578	1981	0~5
4.9755152192	5.2748069345	1981	5~10
5.0613679104	5.3619842415	1981	10~15
5.3694427627	5.6438580836	1981	15~20
5.2071635881	5.4538883932	1981	20~25
4.7624939163	4.9818854669	1981	25~30
3.5909839285	3.7778426956	1981	30~35
2.3685119591	2.5043482849	1981	35~40
2.4464664225	2.5365293033	1981	40~45
2.1168459524	2.3364573563	1981	45~50
1.8582985393	2.6391018336	1981	50~55
1.4939742349	2.1913981869	1981	55~60
1.144402083	1.5355539793	1981	60~65
0.8896801163	1.0925551921	1981	65~70
0.6480943808	0.6248449004	1981	70~75
0.3813244564	0.3189905658	1981	75~80
0.1929651909	0.1271576191	1981	80~85
0.0682149648	0.0373915402	1981	85~90
0.0231450501	0.0083379342	1981	90+
5.2420495541	5.5915681317	1982	0~5
4.9682286771	5.2626050227	1982	5~10
4.950919093	5.2302163876	1982	10~15
5.1801563145	5.4545388754	1982	15~20
5.2197550259	5.4714163949	1982	20~25
4.7683826432	4.975114705	1982	25~30
3.8560136411	4.0527758146	1982	30~35
2.385908778	2.5198109675	1982	35~40
2.4266794644	2.5168567264	1982	40~45
2.1393565717	2.2755162982	1982	45~50
1.8688787937	2.5436609279	1982	50~55
1.5151907937	2.2465085678	1982	55~60
1.1824687237	1.6067182573	1982	60~65
0.8895343933	1.0806635258	1982	65~70
0.6698025908	0.693128673	1982	70~75
0.3958304912	0.3372803506	1982	75~80
0.201709312	0.1372506893	1982	80~85
0.071641695	0.0387399833	1982	85~90
0.0237851507	0.009337994	1982	90+
5.1268622538	5.4565334957	1983	0~5
5.0173816205	5.3188631427	1983	5~10
4.8079996432	5.0852828163	1983	10~15
5.0330969768	5.3089113255	1983	15~20
5.1871159836	5.4468264826	1983	20~25
4.7868081265	4.9943487515	1983	25~30
4.0562595919	4.2403256362	1983	30~35
2.4719090002	2.6050451562	1983	35~40
2.4179988886	2.5108381676	1983	40~45
2.1539085257	2.2411492422	1983	45~50
1.8778972694	2.4175146023	1983	50~55
1.5608813329	2.3177196949	1983	55~60
1.2146751732	1.6640822099	1983	60~65
0.8905120226	1.0971585806	1983	65~70
0.6917630565	0.7406014665	1983	70~75
0.4102011342	0.3497185658	1983	75~80
0.2013992361	0.1444397175	1983	80~85
0.0775283816	0.0426810558	1983	85~90
0.0238258213	0.0099358518	1983	90+
4.8992159816	5.2187470535	1984	0~5
5.0805713131	5.3912661437	1984	5~10
4.6701239706	4.9370361432	1984	10~15
4.9209578549	5.1797627105	1984	15~20
5.1301276813	5.3904323382	1984	20~25
4.8221230536	5.0288701242	1984	25~30
4.2086728993	4.3910717988	1984	30~35
2.6488272132	2.7876741933	1984	35~40
2.3748775119	2.4830991808	1984	40~45
2.183285775	2.2435347818	1984	45~50
1.8991993054	2.2972234694	1984	50~55
1.6031668669	2.3636919316	1984	55~60
1.2571008507	1.7355426768	1984	60~65
0.9005414702	1.1235765917	1984	65~70
0.7096891458	0.7810975126	1984	70~75
0.4317120063	0.3755009257	1984	75~80
0.2110629322	0.15575383	1984	80~85
0.0819174633	0.047002511	1984	85~90
0.0251819768	0.0107608114	1984	90+
4.6791249274	4.9851906601	1985	0~5
5.1121515288	5.4292766969	1985	5~10
4.5652790165	4.8251032615	1985	10~15
4.8207902888	5.0802003228	1985	15~20
5.0486529727	5.3044024164	1985	20~25
4.8055473217	5.0217965628	1985	25~30
4.3409733701	4.5286058044	1985	30~35
2.9256607637	3.0775623161	1985	35~40
2.2633786938	2.3689610939	1985	40~45
2.2215744421	2.274412241	1985	45~50
1.9290378783	2.188810347	1985	50~55
1.6488862253	2.3698102266	1985	55~60
1.2979821449	1.8279910893	1985	60~65
0.9300539898	1.1757691705	1985	65~70
0.7186510181	0.8070488368	1985	70~75
0.4522459948	0.3975597791	1985	75~80
0.2265268532	0.1698265362	1985	80~85
0.089252129	0.0528843976	1985	85~90
0.0269806732	0.012038009	1985	90+
4.41050481	4.700743992	1986	0~5
5.0259925095	5.3382675823	1986	5~10
4.6305202879	4.89926179	1986	10~15
4.6943623488	4.9552100914	1986	15~20
4.9868312615	5.2356999678	1986	20~25
4.7954280986	5.0144389162	1986	25~30
4.3795448704	4.5681595884	1986	30~35
3.2863668316	3.4508491994	1986	35~40
2.1993243967	2.3027326452	1986	40~45
2.253335139	2.3071921067	1986	45~50
1.9422185011	2.10824374	1986	50~55
1.6833800791	2.3316576352	1986	55~60
1.3342401247	1.8831229476	1986	60~65
0.9864123796	1.2581576109	1986	65~70
0.7200851378	0.8320022439	1986	70~75
0.4707448562	0.4153450173	1986	75~80
0.2348342172	0.1775480774	1986	80~85
0.092367237	0.0551230447	1986	85~90
0.027346238	0.0124044791	1986	90+
4.1298331408	4.4094730497	1987	0~5
4.9888643909	5.3006208869	1987	5~10
4.6488645633	4.9157288133	1987	10~15
4.626993852	4.8655640732	1987	15~20
4.8473334107	5.0936197244	1987	20~25
4.8203929935	5.0567731018	1987	25~30
4.3878000569	4.5777416589	1987	30~35
3.5446572651	3.7100107934	1987	35~40
2.2372510838	2.3346198557	1987	40~45
2.2624221737	2.3198670115	1987	45~50
1.9871523513	2.0797758784	1987	50~55
1.7155377868	2.2729316741	1987	55~60
1.3684505103	1.9543665631	1987	60~65
1.0326331901	1.3355126309	1987	65~70
0.7317664224	0.8379767615	1987	70~75
0.4947019038	0.4694750472	1987	75~80
0.2478629922	0.1910772162	1987	80~85
0.0986970349	0.0606590314	1987	85~90
0.0293992246	0.0135918816	1987	90+
3.9741566733	4.2640977826	1988	0~5
4.8695783691	5.1762927239	1988	5~10
4.6966139844	4.9773691483	1988	10~15
4.5114116954	4.7421528198	1988	15~20
4.7353072107	4.9751891776	1988	20~25
4.8220449859	5.0487769688	1988	25~30
4.4390817723	4.6307788704	1988	30~35
3.7526716543	3.9150619285	1988	35~40
2.3173138231	2.4189405473	1988	40~45
2.2585398096	2.3234578324	1988	45~50
2.0103789656	2.0596362797	1988	50~55
1.729744076	2.1739970394	1988	55~60
1.4129116505	2.0224665271	1988	60~65
1.0646976704	1.3879447222	1988	65~70
0.7416009614	0.860386811	1988	70~75
0.51455827	0.5027062456	1988	75~80
0.2584843832	0.1988884956	1988	80~85
0.1005693131	0.0650132399	1988	85~90
0.0319127659	0.015264806	1988	90+
3.8414886409	4.1291315836	1989	0~5
4.7026711417	4.9993781189	1989	5~10
4.7697410281	5.0582620957	1989	10~15
4.4015933848	4.621025375	1989	15~20
4.6402597821	4.879010519	1989	20~25
4.7765725418	5.023499266	1989	25~30
4.4837451896	4.6752309803	1989	30~35
3.9032401666	4.0673304464	1989	35~40
2.4808416226	2.5910140442	1989	40~45
2.2340141215	2.3079254439	1989	45~50
2.0390406372	2.0662575465	1989	50~55
1.7548853881	2.0720819452	1989	55~60
1.4582329836	2.0635834827	1989	60~65
1.104041076	1.4509847327	1989	65~70
0.7511539528	0.8786507359	1989	70~75
0.5301294311	0.5320196321	1989	75~80
0.2732208583	0.2143319204	1989	80~85
0.106024894	0.0695603874	1989	85~90
0.0334927734	0.01633213	1989	90+
3.8084769577	4.0992916875	1990	0~5
4.5034275994	4.7768022683	1990	5~10
4.8056288556	5.0897626402	1990	10~15
4.2984995323	4.5071724578	1990	15~20
4.545699405	4.7779002373	1990	20~25
4.7187961751	4.9597856608	1990	25~30
4.4811692193	4.6923517883	1990	30~35
4.0439962051	4.2135343793	1990	35~40
2.741628538	2.8719192228	1990	40~45
2.1399513414	2.2104664383	1990	45~50
2.0778572743	2.0982285202	1990	50~55
1.7788077773	1.9723297113	1990	55~60
1.4968993405	2.0712351489	1990	60~65
1.14746091	1.5310442151	1990	65~70
0.7778472995	0.922092974	1990	70~75
0.5377940284	0.5550086134	1990	75~80
0.2832759963	0.2245297543	1990	80~85
0.1118065732	0.0757598595	1990	85~90
0.0345026948	0.0172586999	1990	90+
3.7830990655	4.0954766639	1991	0~5
4.2194464276	4.4868707309	1991	5~10
4.7342036339	5.0188366584	1991	10~15
4.3548255831	4.5749137708	1991	15~20
4.4273633031	4.6555123159	1991	20~25
4.6552065772	4.8844863379	1991	25~30
4.4851576236	4.6827279133	1991	30~35
4.0858919982	4.264021189	1991	35~40
3.0843405442	3.2213988361	1991	40~45
2.083929544	2.1540310604	1991	45~50
2.1101988073	2.1296204943	1991	50~55
1.7917743769	1.898933365	1991	55~60
1.5338425322	2.0545300988	1991	60~65
1.1805444779	1.5926559817	1991	65~70
0.8291536507	0.9964315441	1991	70~75
0.5449428368	0.582572962	1991	75~80
0.3011380614	0.2419509313	1991	80~85
0.1200679555	0.0820592967	1991	85~90
0.0376640961	0.0201787543	1991	90+
3.7544257642	4.0789761983	1992	0~5
3.972835732	4.2411528701	1992	5~10
4.7160160868	5.0090512629	1992	10~15
4.3690454021	4.5941420269	1992	15~20
4.3590466625	4.5805812364	1992	20~25
4.5364858334	4.7602220528	1992	25~30
4.5238960743	4.7277021137	1992	30~35
4.1217592667	4.2895025444	1992	35~40
3.3301859737	3.4734852174	1992	40~45
2.0954570054	2.1702889184	1992	45~50
2.1103060951	2.1304189443	1992	50~55
1.8314374025	1.8709324238	1992	55~60
1.5568229813	1.9883503147	1992	60~65
1.2075689305	1.6487056295	1992	65~70
0.8670830052	1.0560687975	1992	70~75
0.5572182199	0.5917523281	1992	75~80
0.3209547335	0.2790465548	1992	80~85
0.1258495203	0.0883975107	1992	85~90
0.0414130488	0.0234153175	1992	90+
3.694163526	3.9960770484	1993	0~5
3.841795752	4.1113593558	1993	5~10
4.6121686753	4.8913772416	1993	10~15
4.4218842818	4.6571927891	1993	15~20
4.2508898133	4.4732526376	1993	20~25
4.4421410845	4.6608793081	1993	25~30
4.5297316329	4.7363767405	1993	30~35
4.1765069099	4.344881759	1993	35~40
3.5319614529	3.671444281	1993	40~45
2.172226547	2.2475239357	1993	45~50
2.112727845	2.1318320151	1993	50~55
1.8525186641	1.8535331712	1993	55~60
1.5727433074	1.9122078839	1993	60~65
1.2549072617	1.7218615721	1993	65~70
0.8976054583	1.1086515266	1993	70~75
0.5667522854	0.6101855757	1993	75~80
0.3386358241	0.3077719441	1993	80~85
0.1316334956	0.0926487953	1993	85~90
0.0441286803	0.0258199218	1993	90+
3.6151881912	3.94757283	1994	0~5
3.6757183464	3.9526866578	1994	5~10
4.465892091	4.753234437	1994	10~15
4.5203782023	4.7752810315	1994	15~20
4.1460441213	4.3567970987	1994	20~25
4.3667036644	4.5685039018	1994	25~30
4.5323954614	4.7208893584	1994	30~35
4.2576228379	4.4050975088	1994	35~40
3.702236589	3.8267155617	1994	40~45
2.3261777835	2.3992398859	1994	45~50
2.0739758863	2.0987139691	1994	50~55
1.8811047795	1.8452229908	1994	55~60
1.5900037936	1.8192997087	1994	60~65
1.2880424163	1.7676845183	1994	65~70
0.9298336556	1.1690927994	1994	70~75
0.5753504814	0.6336518954	1994	75~80
0.3584165247	0.3321060462	1994	80~85
0.1434563262	0.101091356	1994	85~90
0.0494431122	0.0291341803	1994	90+
3.5658829941	3.8811034904	1995	0~5
3.5993467566	3.8985540911	1995	5~10
4.2729998753	4.5494048418	1995	10~15
4.5711209368	4.8323274461	1995	15~20
4.0663458072	4.2659812409	1995	20~25
4.3012710658	4.5060382028	1995	25~30
4.4901327318	4.6794017501	1995	30~35
4.2750881415	4.4262392794	1995	35~40
3.848487208	3.9719196564	1995	40~45
2.5828434141	2.6640750941	1995	45~50
1.9744134957	1.9978058223	1995	50~55
1.9187466882	1.8747385863	1995	55~60
1.615929369	1.7328629085	1995	60~65
1.3259178972	1.781543857	1995	65~70
0.9616184643	1.2396107004	1995	70~75
0.5987611525	0.6697575191	1995	75~80
0.3662004105	0.3481879445	1995	80~85
0.1517598254	0.1091002003	1995	85~90
0.0525578193	0.0319233151	1995	90+
3.5426372143	3.8485033031	1996	0~5
3.5891217612	3.9153823294	1996	5~10
3.9941403269	4.2574521033	1996	10~15
4.5146641185	4.7748540064	1996	15~20
4.1325765665	4.3449021444	1996	20~25
4.2014857494	4.3981786569	1996	25~30
4.4497316268	4.6293888722	1996	30~35
4.2845316979	4.4363474593	1996	35~40
3.8965998965	4.0200770874	1996	40~45
2.9234301582	3.0020627227	1996	45~50
1.9115573657	1.9306185385	1996	50~55
1.9482442002	1.8997620164	1996	55~60
1.63321221	1.6618899141	1996	60~65
1.3548020149	1.7646149093	1996	65~70
0.9885329601	1.2903387356	1996	70~75
0.6395922442	0.7235487435	1996	75~80
0.3672492906	0.3583110268	1996	80~85
0.1623289065	0.1166666427	1996	85~90
0.0575458807	0.035116599	1996	90+
3.5281678108	3.8264180604	1997	0~5
3.5749418831	3.9080588231	1997	5~10
3.7540171316	4.0102535021	1997	10~15
4.4969982038	4.757797001	1997	15~20
4.152935119	4.3628573393	1997	20~25
4.1474298521	4.3274157463	1997	25~30
4.3327646397	4.5094114998	1997	30~35
4.3258934043	4.4858037011	1997	35~40
3.9275227242	4.0423284658	1997	40~45
3.1612098066	3.2429241568	1997	45~50
1.9412389794	1.9614341565	1997	50~55
1.9537442599	1.905434048	1997	55~60
1.6691398975	1.6357679537	1997	60~65
1.382594664	1.7123909669	1997	65~70
1.0204474444	1.3435702783	1997	70~75
0.6732292944	0.7721585269	1997	75~80
0.3747628814	0.3636373671	1997	80~85
0.17635251	0.1378708323	1997	85~90
0.061997492	0.0390795764	1997	90+
3.3797702734	3.6698801122	1998	0~5
3.516099142	3.8426591111	1998	5~10
3.6445615681	3.9064890216	1998	10~15
4.4086735897	4.6629443725	1998	15~20
4.2318861253	4.4338325249	1998	20~25
4.0680315484	4.2354066433	1998	25~30
4.2566528784	4.4284286209	1998	30~35
4.3542788499	4.5102533036	1998	35~40
3.9945977377	4.104486239	1998	40~45
3.3607540038	3.435779344	1998	45~50
2.0301988395	2.0521017515	1998	50~55
1.9644216995	1.9206660382	1998	55~60
1.7013359408	1.6306930071	1998	60~65
1.403829366	1.6412271997	1998	65~70
1.0683586556	1.4082072122	1998	70~75
0.7047694036	0.8163953626	1998	75~80
0.3851501449	0.3783690434	1998	80~85
0.188069539	0.1529282023	1998	85~90
0.0657360977	0.0420774869	1998	90+
3.2695335276	3.5528211596	1999	0~5
3.5149981756	3.8417351642	1999	5~10
3.4943530547	3.757452737	1999	10~15
4.2664470797	4.5159991087	1999	15~20
4.3300029101	4.5362051643	1999	20~25
3.9871155616	4.1426487776	1999	25~30
4.1967307562	4.3567315746	1999	30~35
4.3375937602	4.4938828928	1999	35~40
4.0569495727	4.1625334555	1999	40~45
3.5144414227	3.582034843	1999	45~50
2.1941449785	2.2170714283	1999	50~55
1.9425424695	1.9086801259	1999	55~60
1.7388252342	1.6445665197	1999	60~65
1.433154326	1.5698258409	1999	65~70
1.1100339678	1.451518118	1999	70~75
0.740064892	0.8641393074	1999	75~80
0.3979153543	0.3970145915	1999	80~85
0.197271576	0.1651066496	1999	85~90
0.0714273202	0.0464866019	1999	90+
3.1986106363	3.4865979981	2000	0~5
3.4717259382	3.7787197298	2000	5~10
3.4454563051	3.7310779635	2000	10~15
4.0872128476	4.3312932919	2000	15~20
4.3900273793	4.5959962063	2000	20~25
3.9217662315	4.063618659	2000	25~30
4.1455698589	4.2961085031	2000	30~35
4.3015491722	4.445058041	2000	35~40
4.0786927239	4.181863431	2000	40~45
3.6588185165	3.723114476	2000	45~50
2.4476591477	2.4731342276	2000	50~55
1.851048487	1.8206220391	2000	55~60
1.7766702315	1.6732346735	2000	60~65
1.4618476225	1.4965924892	2000	65~70
1.1490226188	1.4663680464	2000	70~75
0.7729520819	0.9246488883	2000	75~80
0.4210727707	0.4260959626	2000	80~85
0.2044964347	0.1737692237	2000	85~90
0.0768786289	0.0510085169	2000	90+
3.0473853642	3.320491585	2001	0~5
3.464946749	3.7607750002	2001	5~10
3.4526864037	3.7605250623	2001	10~15
3.8301952443	4.0622491695	2001	15~20
4.3449601456	4.547347338	2001	20~25
4.0108289154	4.151173494	2001	25~30
4.0712781751	4.2101900742	2001	30~35
4.2767137169	4.4122871601	2001	35~40
4.0982134441	4.2004157181	2001	40~45
3.7146971681	3.7784625679	2001	45~50
2.7810720978	2.80024144	2001	50~55
1.8019270924	1.7718943791	2001	55~60
1.8134063818	1.708195927	2001	60~65
1.4839525604	1.4440115957	2001	65~70
1.1828666874	1.4564192258	2001	70~75
0.8057238272	0.973463382	2001	75~80
0.4589796608	0.468682606	2001	80~85
0.2102557721	0.1834186931	2001	85~90
0.0838050613	0.0558611145	2001	90+
2.8685601242	3.1295857656	2002	0~5
3.4554537552	3.7440228525	2002	5~10
3.4522922301	3.770749285	2002	10~15
3.6166426947	3.848135606	2002	15~20
4.345791637	4.5565259385	2002	20~25
4.051281359	4.1907570148	2002	25~30
4.0449583087	4.1579251088	2002	30~35
4.1840876176	4.3136568651	2002	35~40
4.1560424028	4.2630813432	2002	40~45
3.7616909826	3.814220256	2002	45~50
3.0193320159	3.0360987561	2002	50~55
1.8390130074	1.8107102526	2002	55~60
1.8268553446	1.7228580401	2002	60~65
1.5246499499	1.4304080819	2002	65~70
1.2132175197	1.4229038999	2002	70~75
0.8382926059	1.0230286914	2002	75~80
0.4894014309	0.5068475438	2002	80~85
0.2202099963	0.1902376721	2002	85~90
0.0930562961	0.0674177479	2002	90+
2.7681550838	3.0267092245	2003	0~5
3.3126029937	3.5932898465	2003	5~10
3.4060709017	3.719357386	2003	10~15
3.5209194609	3.7610127165	2003	15~20
4.2681362823	4.4789124314	2003	20~25
4.1334288893	4.2782891055	2003	25~30
3.97769918	4.0783293629	2003	30~35
4.1218338786	4.2474767248	2003	35~40
4.1921869712	4.2984177964	2003	40~45
3.8338697298	3.8837225249	2003	45~50
3.2179273642	3.2251781168	2003	50~55
1.9298459823	1.9015198268	2003	55~60
1.844296834	1.7449097637	2003	60~65
1.5618404259	1.4339679401	2003	65~70
1.2393124393	1.3706665251	2003	70~75
0.8822471582	1.0813044277	2003	75~80
0.5171480963	0.5413998509	2003	80~85
0.2301173879	0.2005038809	2003	85~90
0.1010150611	0.0763784282	2003	90+
2.6167738002	2.8657609581	2004	0~5
3.2137867653	3.4899323121	2004	5~10
3.4172675346	3.7320968171	2004	10~15
3.3883373715	3.6311718012	2004	15~20
4.1424873118	4.3553690619	2004	20~25
4.2392649658	4.3930699478	2004	25~30
3.9185077325	4.0013095262	2004	30~35
4.0833135808	4.1925553576	2004	35~40
4.1924980614	4.2980728827	2004	40~45
3.9086704192	3.9528678104	2004	45~50
3.3787600948	3.3751680651	2004	50~55
2.0970401587	2.0632486352	2004	55~60
1.8323274034	1.7423415503	2004	60~65
1.6056196445	1.4548425453	2004	65~70
1.2737557672	1.318446787	2004	70~75
0.925597738	1.1230359641	2004	75~80
0.5478131767	0.5798108891	2004	80~85
0.2417942836	0.2153014118	2004	85~90
0.1080209274	0.0839609395	2004	90+
2.3990329895	2.6265961359	2005	0~5
3.1600566402	3.4403417808	2005	5~10
3.390658822	3.687649874	2005	10~15
3.3581516833	3.6257185485	2005	15~20
3.9890984706	4.1992574302	2005	20~25
4.3218508885	4.4724719826	2005	25~30
3.88038708	3.9435700313	2005	30~35
4.0603445274	4.1530702404	2005	35~40
4.1817566266	4.2724533883	2005	40~45
3.9526563958	3.9907321717	2005	45~50
3.536668663	3.5268532813	2005	50~55
2.3534650252	2.3147963739	2005	55~60
1.7566327277	1.670257369	2005	60~65
1.6512677894	1.4899266297	2005	65~70
1.30891079	1.2661886276	2005	70~75
0.9660267902	1.1444735032	2005	75~80
0.5804645447	0.6292120778	2005	80~85
0.2598550933	0.2344317177	2005	85~90
0.1142975944	0.0904156948	2005	90+
2.2785058239	2.4990637783	2006	0~5
3.0078735291	3.2743737719	2006	5~10
3.3882372093	3.6737132345	2006	10~15
3.3707432951	3.6612157081	2006	15~20
3.7484536005	3.9471507192	2006	20~25
4.3026417428	4.4346853873	2006	25~30
3.9881796743	4.0374616304	2006	30~35
4.0100142823	4.0780141146	2006	35~40
4.1756731693	4.2501993419	2006	40~45
3.9889708783	4.0211960496	2006	45~50
3.607606172	3.5899286636	2006	50~55
2.6865572733	2.6327422865	2006	55~60
1.7176908016	1.6318342378	2006	60~65
1.6933689279	1.5291175973	2006	65~70
1.3359545354	1.2285606115	2006	70~75
1.0026128529	1.1458776063	2006	75~80
0.6139393449	0.6728075464	2006	80~85
0.2896025258	0.2648347802	2006	85~90
0.1226278797	0.0979694164	2006	90+
2.1866718703	2.3980850549	2007	0~5
2.8336518811	3.0891579364	2007	5~10
3.3847191176	3.6640422051	2007	10~15
3.3781811941	3.6794919149	2007	15~20
3.549717837	3.7486954643	2007	20~25
4.3339681057	4.4515723249	2007	25~30
4.04648677	4.0846210269	2007	30~35
4.0022109593	4.0358370546	2007	35~40
4.0985331705	4.1643087747	2007	40~45
4.0558341275	4.087974925	2007	45~50
3.6638461981	3.6319318976	2007	50~55
2.9272604838	2.8621774378	2007	55~60
1.7605656502	1.6746231003	2007	60~65
1.7129359414	1.5488954786	2007	65~70
1.3795236245	1.2208581101	2007	70~75
1.0345556042	1.1239827235	2007	75~80
0.6442359123	0.7101770336	2007	80~85
0.3114072608	0.2869063818	2007	85~90
0.1312506642	0.1011047827	2007	90+
2.1257730651	2.3288200637	2008	0~5
2.7375229039	2.9918178258	2008	5~10
3.2480053528	3.519911051	2008	10~15
3.3374092347	3.6337668687	2008	15~20
3.4602375627	3.6687409936	2008	20~25
4.2770572302	4.3810333024	2008	25~30
4.1467279356	4.1732244055	2008	30~35
3.9522974988	3.9635966979	2008	35~40
4.0485121542	4.1058112046	2008	40~45
4.1021909464	4.1273678019	2008	45~50
3.7443757401	3.7040537038	2008	50~55
3.1273908517	3.0462606054	2008	55~60
1.8553389106	1.7651102696	2008	60~65
1.7355318053	1.5744389978	2008	65~70
1.4178736835	1.228044534	2008	70~75
1.0624329151	1.0858300273	2008	75~80
0.6824533943	0.7547804229	2008	80~85
0.332021952	0.3078565115	2008	85~90
0.1387505187	0.1076310571	2008	90+
2.0724555588	2.2621892638	2009	0~5
2.5934252293	2.8388385491	2009	5~10
3.1530371493	3.4211237031	2009	10~15
3.3507034585	3.6490498263	2009	15~20
3.3333503462	3.5435600317	2009	20~25
4.1770610887	4.2609157218	2009	25~30
4.288415993	4.2847394862	2009	30~35
3.9178024766	3.8893419883	2009	35~40
4.0261210188	4.0540408444	2009	40~45
4.112609761	4.1291453912	2009	45~50
3.8222565517	3.7718062272	2009	50~55
3.2882850229	3.1903342299	2009	55~60
2.0193841012	1.9199367537	2009	60~65
1.7284426507	1.5764126048	2009	65~70
1.462990206	1.2512147611	2009	70~75
1.0963559675	1.0491236678	2009	75~80
0.7209240645	0.7903711161	2009	80~85
0.3550424286	0.3328147008	2009	85~90
0.1489461055	0.1174319539	2009	90+
1.9889929779	2.1733759034	2010	0~5
2.3878251575	2.6130290388	2010	5~10
3.1052766623	3.3790771252	2010	10~15
3.3305237175	3.6125099586	2010	15~20
3.3056987047	3.5448693542	2010	20~25
4.0298335347	4.1157885225	2010	25~30
4.3907762687	4.3696901187	2010	30~35
3.8953078697	3.8401833891	2010	35~40
4.0164927887	4.0244152058	2010	40~45
4.1118942335	4.1121705467	2010	45~50
3.8713333834	3.8153195197	2010	50~55
3.4489714091	3.3402551226	2010	55~60
2.2732847071	2.1618916366	2010	60~65
1.6634787752	1.5177926479	2010	65~70
1.5115885534	1.2899076652	2010	70~75
1.1337259542	1.0129209658	2010	75~80
0.7581170344	0.8138675371	2010	80~85
0.3810704226	0.3670043545	2010	85~90
0.1619627009	0.1297765321	2010	90+
1.9730709852	2.1474613122	2011	0~5
2.2760430696	2.4963582209	2011	5~10
2.961440715	3.2233577462	2011	10~15
3.3344496634	3.607393647	2011	15~20
3.3200082739	3.5863774209	2011	20~25
3.7841736494	3.8750071475	2011	25~30
4.3711381985	4.339620318	2011	30~35
4.004729921	3.9375649733	2011	35~40
3.9726049339	3.9587921797	2011	40~45
4.1099703629	4.0956064764	2011	45~50
3.9065164165	3.8476830397	2011	50~55
3.5197463827	3.4043444384	2011	55~60
2.5977579592	2.4628467914	2011	60~65
1.6320750753	1.4875836774	2011	65~70
1.5555667122	1.3290513221	2011	70~75
1.1615587607	0.9869100903	2011	75~80
0.791382977	0.8165542242	2011	80~85
0.4060768885	0.3962081751	2011	85~90
0.1786616027	0.1443062518	2011	90+
2.0249082361	2.1940423117	2012	0~5
2.185052708	2.3967029771	2012	5~10
2.7902426087	3.0415054635	2012	10~15
3.3302750381	3.5986035577	2012	15~20
3.3248881382	3.60422206	2012	20~25
3.5632841939	3.678300512	2012	25~30
4.3884191602	4.3566638997	2012	30~35
4.0568932118	3.982231465	2012	35~40
3.9638962761	3.9157572913	2012	40~45
4.0305076956	4.0110402284	2012	45~50
3.9718436691	3.9119101184	2012	50~55
3.5729385822	3.4456301819	2012	55~60
2.8301253973	2.6782371216	2012	60~65
1.6754459697	1.5304457205	2012	65~70
1.5771993799	1.351953193	2012	70~75
1.2028012566	0.98362391	2012	75~80
0.8203356502	0.8033514752	2012	80~85
0.4302057204	0.4227901551	2012	85~90
0.1946532273	0.1590722386	2012	90+
2.0310935663	2.1914245939	2013	0~5
2.1231507436	2.3262138941	2013	5~10
2.6975272913	2.9485079203	2013	10~15
3.1994029824	3.4617768477	2013	15~20
3.2873101639	3.5646411278	2013	20~25
3.4582728821	3.6030991827	2013	25~30
4.3247449667	4.2926573695	2013	30~35
4.1571878122	4.0747012955	2013	35~40
3.9181180992	3.8499512076	2013	40~45
3.9832259732	3.9587281623	2013	45~50
4.0209609876	3.9528668279	2013	50~55
3.6514915577	3.5171215355	2013	55~60
3.0249320203	2.853289045	2013	60~65
1.7697379474	1.6194096935	2013	65~70
1.6010256394	1.3786885388	2013	70~75
1.2425558379	0.9958107717	2013	75~80
0.8474077735	0.7790483563	2013	80~85
0.4605383092	0.4507665663	2013	85~90
0.2102336589	0.1723788508	2013	90+
2.0664466336	2.2227766931	2014	0~5
2.0744052393	2.2646863266	2014	5~10
2.5569058443	2.8001618008	2014	10~15
3.108678324	3.3683080982	2014	15~20
3.3026634701	3.5843383687	2014	20~25
3.314513898	3.4843842555	2014	25~30
4.2055022087	4.1819379081	2014	30~35
4.275320304	4.1920685944	2014	35~40
3.8735280687	3.7849037668	2014	40~45
3.9573814745	3.9163210434	2014	45~50
4.0293375116	3.9597882593	2014	50~55
3.7263386706	3.5871932251	2014	55~60
3.1821578046	2.9942920368	2014	60~65
1.9301091037	1.7649072259	2014	65~70
1.5986171741	1.3829410936	2014	70~75
1.2857266184	1.0203060517	2014	75~80
0.8783910968	0.7536223498	2014	80~85
0.4891747387	0.4708123364	2014	85~90
0.225478181	0.1855742015	2014	90+
2.159221872	2.3208210565	2015	0~5
1.9892411372	2.1718133529	2015	5~10
2.3528531368	2.575647429	2015	10~15
3.0594616721	3.3249682425	2015	15~20
3.2800722491	3.5476050348	2015	20~25
3.2704392128	3.4825916179	2015	25~30
4.0416397462	4.0373574509	2015	30~35
4.362445819	4.2748247771	2015	35~40
3.844683956	3.7367326529	2015	40~45
3.9417847909	3.8869152209	2015	45~50
4.0235570516	3.9421806691	2015	50~55
3.7700460164	3.62541	2015	55~60
3.3344693193	3.134406098	2015	60~65
2.1717750421	1.9871340436	2015	65~70
1.5383997173	1.3327814309	2015	70~75
1.331998188	1.0541640555	2015	75~80
0.9109157412	0.7293821737	2015	80~85
0.5167530121	0.4859809313	2015	85~90
0.2449294175	0.2045966652	2015	90+
2.0641158954	2.0641158954	2016	0~5
1.9708430278	1.9708430278	2016	5~10
2.2368250751	2.2368250751	2016	10~15
2.9108817414	2.9108817414	2016	15~20
3.2761168264	3.2761168264	2016	20~25
3.2791026763	3.2791026763	2016	25~30
3.7869766801	3.7869766801	2016	30~35
4.3277712668	4.3277712668	2016	35~40
3.9370526943	3.9370526943	2016	40~45
3.8890292168	3.8890292168	2016	45~50
4.0123638749	4.0123638749	2016	50~55
3.7964339889	3.7964339889	2016	55~60
3.3985917292	3.3985917292	2016	60~65
2.4765994075	2.4765994075	2016	65~70
1.5079177115	1.5079177115	2016	70~75
1.3705050889	1.3705050889	2016	75~80
0.9346218313	0.9346218313	2016	80~85
0.5451399512	0.5451399512	2016	85~90
0.2791113162	0.2791113162	2016	90+
1.964639654	1.964639654	2017	0~5
2.033218631	2.033218631	2017	5~10
2.1498159852	2.1498159852	2017	10~15
2.7455665467	2.7455665467	2017	15~20
3.2758129293	3.2758129293	2017	20~25
3.2856032889	3.2856032889	2017	25~30
3.5685311656	3.5685311656	2017	30~35
4.34773482	4.34773482	2017	35~40
3.9921775111	3.9921775111	2017	40~45
3.8850326267	3.8850326267	2017	45~50
3.939804578	3.939804578	2017	50~55
3.8648690474	3.8648690474	2017	55~60
3.4543581714	3.4543581714	2017	60~65
2.7016577554	2.7016577554	2017	65~70
1.5535543651	1.5535543651	2017	70~75
1.3930904558	1.3930904558	2017	75~80
0.972578039	0.972578039	2017	80~85
0.5681745228	0.5681745228	2017	85~90
0.3037799066	0.3037799066	2017	90+
1.9399344616	1.9399344616	2018	0~5
2.0296313075	2.0296313075	2018	5~10
2.089020496	2.089020496	2018	10~15
2.6547451772	2.6547451772	2018	15~20
3.1471508611	3.1471508611	2018	20~25
3.2480218913	3.2480218913	2018	25~30
3.4627583651	3.4627583651	2018	30~35
4.2828558518	4.2828558518	2018	35~40
4.0888750462	4.0888750462	2018	40~45
3.8400640518	3.8400640518	2018	45~50
3.8944391832	3.8944391832	2018	50~55
3.9139982192	3.9139982192	2018	55~60
3.53223887	3.53223887	2018	60~65
2.8893314181	2.8893314181	2018	65~70
1.6446444225	1.6446444225	2018	70~75
1.4162941517	1.4162941517	2018	75~80
1.0072187253	1.0072187253	2018	80~85
0.5886376579	0.5886376579	2018	85~90
0.3301398425	0.3301398425	2018	90+
1.9129163174	1.9129163174	2019	0~5
2.028969139	2.028969139	2019	5~10
2.0420545151	2.0420545151	2019	10~15
2.5178879026	2.5178879026	2019	15~20
3.0591986284	3.0591986284	2019	20~25
3.2637164974	3.2637164974	2019	25~30
3.3238621336	3.3238621336	2019	30~35
4.1674231825	4.1674231825	2019	35~40
4.2048880608	4.2048880608	2019	40~45
3.7973870791	3.7973870791	2019	45~50
3.8713244999	3.8713244999	2019	50~55
3.9256927239	3.9256927239	2019	55~60
3.6081621127	3.6081621127	2019	60~65
3.0436450274	3.0436450274	2019	65~70
1.7980198193	1.7980198193	2019	70~75
1.4172572396	1.4172572396	2019	75~80
1.0472463651	1.0472463651	2019	80~85
0.6135620168	0.6135620168	2019	85~90
0.3567867396	0.3567867396	2019	90+
1.8884888312	1.8884888312	2020	0~5
2.0742652262	2.0742652262	2020	5~10
1.9603271276	1.9603271276	2020	10~15
2.3187462906	2.3187462906	2020	15~20
3.0124989821	3.0124989821	2020	20~25
3.2436239577	3.2436239577	2020	25~30
3.2851445203	3.2851445203	2020	30~35
4.0128498838	4.0128498838	2020	35~40
4.2931934316	4.2931934316	2020	40~45
3.7708662653	3.7708662653	2020	45~50
3.8592842446	3.8592842446	2020	50~55
3.9244780758	3.9244780758	2020	55~60
3.6554213044	3.6554213044	2020	60~65
3.194778953	3.194778953	2020	65~70
2.0265954902	2.0265954902	2020	70~75
1.3665142455	1.3665142455	2020	75~80
1.0888402365	1.0888402365	2020	80~85
0.640084888	0.640084888	2020	85~90
0.3839980457	0.3839980457	2020	90+
1.8033770014	1.8033770014	2021	0~5
2.0508186924	2.0508186924	2021	5~10
1.9511596324	1.9511596324	2021	10~15
2.2156357331	2.2156357331	2021	15~20
2.8812618977	2.8812618977	2021	20~25
3.2546130138	3.2546130138	2021	25~30
3.3020231457	3.3020231457	2021	30~35
3.7765147573	3.7765147573	2021	35~40
4.2802825555	4.2802825555	2021	40~45
3.8821247394	3.8821247394	2021	45~50
3.8266527448	3.8266527448	2021	50~55
3.9316206317	3.9316206317	2021	55~60
3.6983973638	3.6983973638	2021	60~65
3.2707954931	3.2707954931	2021	65~70
2.3234112129	2.3234112129	2021	70~75
1.3481776245	1.3481776245	2021	75~80
1.1277962619	1.1277962619	2021	80~85
0.662868932	0.662868932	2021	85~90
0.4124685667	0.4124685667	2021	90+
1.7798759624	1.7798759624	2022	0~5
1.9450719473	1.9450719473	2022	5~10
2.015674398	2.015674398	2022	10~15
2.133043322	2.133043322	2022	15~20
2.7224157457	2.7224157457	2022	20~25
3.2591486389	3.2591486389	2022	25~30
3.3121151492	3.3121151492	2022	30~35
3.5660986835	3.5660986835	2022	35~40
4.3063680208	4.3063680208	2022	40~45
3.9426157433	3.9426157433	2022	45~50
3.8291328466	3.8291328466	2022	50~55
3.8674397695	3.8674397695	2022	55~60
3.7721713159	3.7721713159	2022	60~65
3.3312895708	3.3312895708	2022	65~70
2.5401078262	2.5401078262	2022	70~75
1.3950334978	1.3950334978	2022	75~80
1.1507168232	1.1507168232	2022	80~85
0.6939597973	0.6939597973	2022	85~90
0.4377209418	0.4377209418	2022	90+
1.7609145558	1.7609145558	2023	0~5
1.9130157766	1.9130157766	2023	5~10
2.0150992974	2.0150992974	2023	10~15
2.0759732928	2.0759732928	2023	15~20
2.6364253503	2.6364253503	2023	20~25
3.1365562793	3.1365562793	2023	25~30
3.278781287	3.278781287	2023	30~35
3.466320438	3.466320438	2023	35~40
4.2486061472	4.2486061472	2023	40~45
4.0439406878	4.0439406878	2023	45~50
3.7909203173	3.7909203173	2023	50~55
3.8294492759	3.8294492759	2023	55~60
3.8269781284	3.8269781284	2023	60~65
3.4130525507	3.4130525507	2023	65~70
2.7218600386	2.7218600386	2023	70~75
1.4834591441	1.4834591441	2023	75~80
1.1737531637	1.1737531637	2023	80~85
0.722282898	0.722282898	2023	85~90
0.4626113713	0.4626113713	2023	90+
1.7455466009	1.7455466009	2024	0~5
1.879418553	1.879418553	2024	5~10
2.0173297269	2.0173297269	2024	10~15
2.0322769408	2.0322769408	2024	15~20
2.5042924581	2.5042924581	2024	20~25
3.0537856927	3.0537856927	2024	25~30
3.2982486101	3.2982486101	2024	30~35
3.3334714622	3.3334714622	2024	35~40
4.1405247389	4.1405247389	2024	40~45
4.1642703407	4.1642703407	2024	45~50
3.7545174407	3.7545174407	2024	50~55
3.8128078075	3.8128078075	2024	55~60
3.8448536965	3.8448536965	2024	60~65
3.4929307338	3.4929307338	2024	65~70
2.872753209	2.872753209	2024	70~75
1.6284217232	1.6284217232	2024	75~80
1.1785319333	1.1785319333	2024	80~85
0.755284265	0.755284265	2024	85~90
0.4907340668	0.4907340668	2024	90+
1.7319336909	1.7319336909	2025	0~5
1.8493655475	1.8493655475	2025	5~10
2.0651328809	2.0651328809	2025	10~15
1.9538349623	1.9538349623	2025	15~20
2.3099004352	2.3099004352	2025	20~25
3.0116631014	3.0116631014	2025	25~30
3.2822049105	3.2822049105	2025	30~35
3.2993724053	3.2993724053	2025	35~40
3.9932563503	3.9932563503	2025	40~45
4.2574340943	4.2574340943	2025	45~50
3.73381086	3.73381086	2025	50~55
3.8068490731	3.8068490731	2025	55~60
3.8498996101	3.8498996101	2025	60~65
3.545198545	3.545198545	2025	65~70
3.0211652658	3.0211652658	2025	70~75
1.8397713322	1.8397713322	2025	75~80
1.1391049087	1.1391049087	2025	80~85
0.7896754695	0.7896754695	2025	85~90
0.5204265572	0.5204265572	2025	90+
1.7182685102	1.7182685102	2026	0~5
1.823559298	1.823559298	2026	5~10
2.0419559963	2.0419559963	2026	10~15
1.9448443117	1.9448443117	2026	15~20
2.2075545963	2.2075545963	2026	20~25
2.881629843	2.881629843	2026	25~30
3.2927647026	3.2927647026	2026	30~35
3.3159297636	3.3159297636	2026	35~40
3.759634607	3.759634607	2026	40~45
4.2450675197	4.2450675197	2026	45~50
3.8442036055	3.8442036055	2026	50~55
3.7755242408	3.7755242408	2026	55~60
3.8580348665	3.8580348665	2026	60~65
3.5887227278	3.5887227278	2026	65~70
3.0960227552	3.0960227552	2026	70~75
2.1116436291	2.1116436291	2026	75~80
1.1265616439	1.1265616439	2026	80~85
0.8202699179	0.8202699179	2026	85~90
0.5478074648	0.5478074648	2026	90+
1.7031449861	1.7031449861	2027	0~5
1.8023212801	1.8023212801	2027	5~10
1.939421491	1.939421491	2027	10~15
2.0115744313	2.0115744313	2027	15~20
2.128250209	2.128250209	2027	20~25
2.7276179847	2.7276179847	2027	25~30
3.301000157	3.301000157	2027	30~35
3.3298897876	3.3298897876	2027	35~40
3.5560733335	3.5560733335	2027	40~45
4.2764812966	4.2764812966	2027	45~50
3.9093227139	3.9093227139	2027	50~55
3.7832737073	3.7832737073	2027	55~60
3.8007857444	3.8007857444	2027	60~65
3.6663092007	3.6663092007	2027	65~70
3.1591840403	3.1591840403	2027	70~75
2.3131455184	2.3131455184	2027	75~80
1.1724277433	1.1724277433	2027	80~85
0.84025139	0.84025139	2027	85~90
0.5795249848	0.5795249848	2027	90+
1.6855746929	1.6855746929	2028	0~5
1.7857053145	1.7857053145	2028	5~10
1.9101600114	1.9101600114	2028	10~15
2.0137361947	2.0137361947	2028	15~20
2.0742951879	2.0742951879	2028	20~25
2.64571419	2.64571419	2028	25~30
3.1833809209	3.1833809209	2028	30~35
3.3011077711	3.3011077711	2028	35~40
3.4619941555	3.4619941555	2028	40~45
4.2252007469	4.2252007469	2028	45~50
4.0153564042	4.0153564042	2028	50~55
3.7511827111	3.7511827111	2028	55~60
3.7695660183	3.7695660183	2028	60~65
3.7260841169	3.7260841169	2028	65~70
3.2430984099	3.2430984099	2028	70~75
2.4835006573	2.4835006573	2028	75~80
1.2546115265	1.2546115265	2028	80~85
0.8602391379	0.8602391379	2028	85~90
0.609491832	0.609491832	2028	90+
1.6648489913	1.6648489913	2029	0~5
1.7728116999	1.7728116999	2029	5~10
1.8794670901	1.8794670901	2029	10~15
2.0188808617	2.0188808617	2029	15~20
2.0337725588	2.0337725588	2029	20~25
2.5180711624	2.5180711624	2029	25~30
3.1052875665	3.1052875665	2029	30~35
3.3250888474	3.3250888474	2029	35~40
3.3351032413	3.3351032413	2029	40~45
4.1242458617	4.1242458617	2029	45~50
4.1409937832	4.1409937832	2029	50~55
3.7211979327	3.7211979327	2029	55~60
3.7596129801	3.7596129801	2029	60~65
3.7503318577	3.7503318577	2029	65~70
3.326031625	3.326031625	2029	70~75
2.6268425647	2.6268425647	2029	75~80
1.3852043741	1.3852043741	2029	80~85
0.8672423225	0.8672423225	2029	85~90
0.6449646789	0.6449646789	2029	90+
1.6411014209	1.6411014209	2030	0~5
1.7617965544	1.7617965544	2030	5~10
1.8524164911	1.8524164911	2030	10~15
2.0699068563	2.0699068563	2030	15~20
1.9585795446	1.9585795446	2030	20~25
2.3283756734	2.3283756734	2030	25~30
3.0677455869	3.0677455869	2030	30~35
3.3141910376	3.3141910376	2030	35~40
3.306450943	3.306450943	2030	40~45
3.9844328868	3.9844328868	2030	45~50
4.2404013808	4.2404013808	2030	50~55
3.7071067661	3.7071067661	2030	55~60
3.7605029308	3.7605029308	2030	60~65
3.762348807	3.762348807	2030	65~70
3.3834449571	3.3834449571	2030	70~75
2.7688478855	2.7688478855	2030	75~80
1.5693010313	1.5693010313	2030	80~85
0.8405029543	0.8405029543	2030	85~90
0.6825462923	0.6825462923	2030	90+
1.6147513589	1.6147513589	2031	0~5
1.7508280361	1.7508280361	2031	5~10
1.8297428447	1.8297428447	2031	10~15
2.0502345427	2.0502345427	2031	15~20
1.95288625	1.95288625	2031	20~25
2.2301448434	2.2301448434	2031	25~30
2.9428824187	2.9428824187	2031	30~35
3.3301788699	3.3301788699	2031	35~40
3.3285275457	3.3285275457	2031	40~45
3.7585273247	3.7585273247	2031	45~50
4.2355583295	4.2355583295	2031	50~55
3.8237483278	3.8237483278	2031	55~60
3.7366399259	3.7366399259	2031	60~65
3.7778978198	3.7778978198	2031	65~70
3.4330609895	3.4330609895	2031	70~75
2.8459417048	2.8459417048	2031	75~80
1.8067755723	1.8067755723	2031	80~85
0.8354818056	0.8354818056	2031	85~90
0.7161914901	0.7161914901	2031	90+
1.5860545623	1.5860545623	2032	0~5
1.7385316327	1.7385316327	2032	5~10
1.8117514452	1.8117514452	2032	10~15
1.9510252879	1.9510252879	2032	15~20
2.0233693761	2.0233693761	2032	20~25
2.1548711658	2.1548711658	2032	25~30
2.7939393817	2.7939393817	2032	30~35
3.3442605199	3.3442605199	2032	35~40
3.3484412613	3.3484412613	2032	40~45
3.5622316621	3.5622316621	2032	45~50
4.274805985	4.274805985	2032	50~55
3.8959415569	3.8959415569	2032	55~60
3.751661771	3.751661771	2032	60~65
3.7294486878	3.7294486878	2032	65~70
3.5152751576	3.5152751576	2032	70~75
2.9115390484	2.9115390484	2032	75~80
1.984151243	1.984151243	2032	80~85
0.8767642055	0.8767642055	2032	85~90
0.7459360499	0.7459360499	2032	90+
1.5556495849	1.5556495849	2033	0~5
1.7238641906	1.7238641906	2033	5~10
1.7985010339	1.7985010339	2033	10~15
1.9253309132	1.9253309132	2033	15~20
2.0294511033	2.0294511033	2033	20~25
2.1049109144	2.1049109144	2033	25~30
2.7170554197	2.7170554197	2033	30~35
3.2326679196	3.2326679196	2033	35~40
3.3260557663	3.3260557663	2033	40~45
3.4750635711	3.4750635711	2033	45~50
4.2319448897	4.2319448897	2033	50~55
4.0095916679	4.0095916679	2033	55~60
3.727609158	3.727609158	2033	60~65
3.7072502023	3.7072502023	2033	65~70
3.5813530197	3.5813530197	2033	70~75
2.9971429936	2.9971429936	2033	75~80
2.1352045678	2.1352045678	2033	80~85
0.94654795	0.94654795	2033	85~90
0.7748051339	0.7748051339	2033	90+
1.5243187075	1.5243187075	2034	0~5
1.7060923654	1.7060923654	2034	5~10
1.7891134386	1.7891134386	2034	10~15
1.8982436574	1.8982436574	2034	15~20
2.0387522529	2.0387522529	2034	20~25
2.06841231	2.06841231	2034	25~30
2.594213851	2.594213851	2034	30~35
3.1606583043	3.1606583043	2034	35~40
3.3567244869	3.3567244869	2034	40~45
3.3549596119	3.3549596119	2034	45~50
4.1395121395	4.1395121395	2034	50~55
4.1435413025	4.1435413025	2034	55~60
3.705898864	3.705898864	2034	60~65
3.7061739644	3.7061739644	2034	65~70
3.6136682753	3.6136682753	2034	70~75
3.0826906141	3.0826906141	2034	75~80
2.2645546742	2.2645546742	2034	80~85
1.0533425632	1.0533425632	2034	85~90
0.7991286173	0.7991286173	2034	90+
1.4928786533	1.4928786533	2035	0~5
1.6853014652	1.6853014652	2035	5~10
1.7816933326	1.7816933326	2035	10~15
1.8748708639	1.8748708639	2035	15~20
2.0943586406	2.0943586406	2035	20~25
1.9969944047	1.9969944047	2035	25~30
2.4085992705	2.4085992705	2035	30~35
3.1294767698	3.1294767698	2035	35~40
3.3527648513	3.3527648513	2035	40~45
3.3332580349	3.3332580349	2035	45~50
4.0079501529	4.0079501529	2035	50~55
4.2519594499	4.2519594499	2035	55~60
3.7002188721	3.7002188721	2035	60~65
3.7158956605	3.7158956605	2035	65~70
3.6342888899	3.6342888899	2035	70~75
3.1454040811	3.1454040811	2035	75~80
2.3937886968	2.3937886968	2035	80~85
1.1976140709	1.1976140709	2035	85~90
0.802683839	0.802683839	2035	90+
1.4612055779	1.4612055779	2036	0~5
1.6619087807	1.6619087807	2036	5~10
1.7744069065	1.7744069065	2036	10~15
1.8559250022	1.8559250022	2036	15~20
2.0788840472	2.0788840472	2036	20~25
1.9956569143	1.9956569143	2036	25~30
2.3146800507	2.3146800507	2036	30~35
3.0102965874	3.0102965874	2036	35~40
3.3760817119	3.3760817119	2036	40~45
3.3626523441	3.3626523441	2036	45~50
3.7894726883	3.7894726883	2036	50~55
4.2566663749	4.2566663749	2036	55~60
3.825605402	3.825605402	2036	60~65
3.7014338269	3.7014338269	2036	65~70
3.6587334661	3.6587334661	2036	70~75
3.2014615721	3.2014615721	2036	75~80
2.470594543	2.470594543	2036	80~85
1.3847464032	1.3847464032	2036	85~90
0.8195878007	0.8195878007	2036	90+
1.4300233518	1.4300233518	2037	0~5
1.6361043791	1.6361043791	2037	5~10
1.765848163	1.765848163	2037	10~15
1.8417360365	1.8417360365	2037	15~20
1.9829366125	1.9829366125	2037	20~25
2.0714368007	2.0714368007	2037	25~30
2.2437166536	2.2437166536	2037	30~35
2.8664962314	2.8664962314	2037	35~40
3.3977455841	3.3977455841	2037	40~45
3.3901833309	3.3901833309	2037	45~50
3.6000519044	3.6000519044	2037	50~55
4.3057380853	4.3057380853	2037	55~60
3.9068559806	3.9068559806	2037	60~65
3.7249852906	3.7249852906	2037	65~70
3.6208812683	3.6208812683	2037	70~75
3.2875258516	3.2875258516	2037	75~80
2.5356102092	2.5356102092	2037	80~85
1.5254866333	1.5254866333	2037	85~90
0.8666376331	0.8666376331	2037	90+
1.3999738936	1.3999738936	2038	0~5
1.6085199793	1.6085199793	2038	5~10
1.7548999409	1.7548999409	2038	10~15
1.8323550019	1.8323550019	2038	15~20
1.9612360959	1.9612360959	2038	20~25
2.0821631593	2.0821631593	2038	25~30
2.1982060178	2.1982060178	2038	30~35
2.7950635824	2.7950635824	2038	35~40
3.2924957633	3.2924957633	2038	40~45
3.3751875861	3.3751875861	2038	45~50
3.5201315227	3.5201315227	2038	50~55
4.2723291569	4.2723291569	2038	55~60
4.0302256606	4.0302256606	2038	60~65
3.7101898614	3.7101898614	2038	65~70
3.6093026559	3.6093026559	2038	70~75
3.3593956106	3.3593956106	2038	75~80
2.6189828403	2.6189828403	2038	80~85
1.6463338712	1.6463338712	2038	85~90
0.9330077999	0.9330077999	2038	90+
1.3715063936	1.3715063936	2039	0~5
1.5799033214	1.5799033214	2039	5~10
1.740766425	1.740766425	2039	10~15
1.8269106782	1.8269106782	2039	15~20
1.9380534018	1.9380534018	2039	20~25
2.0962459687	2.0962459687	2039	25~30
2.166250328	2.166250328	2039	30~35
2.6767636	2.6767636	2039	35~40
3.2269849002	3.2269849002	2039	40~45
3.413939752	3.413939752	2039	45~50
3.4065590455	3.4065590455	2039	50~55
4.1887540503	4.1887540503	2039	55~60
4.174627862	4.174627862	2039	60~65
3.6978463202	3.6978463202	2039	65~70
3.6182876623	3.6182876623	2039	70~75
3.3997357811	3.3997357811	2039	75~80
2.7033522927	2.7033522927	2039	80~85
1.7521140452	1.7521140452	2039	85~90
1.021398172	1.021398172	2039	90+
1.3449222507	1.3449222507	2040	0~5
1.551071651	1.551071651	2040	5~10
1.7235037082	1.7235037082	2040	10~15
1.8234260975	1.8234260975	2040	15~20
1.9185559314	1.9185559314	2040	20~25
2.1574450457	2.1574450457	2040	25~30
2.0986960513	2.0986960513	2040	30~35
2.4941970106	2.4941970106	2040	35~40
3.2026826839	3.2026826839	2040	40~45
3.4176785418	3.4176785418	2040	45~50
3.3923253592	3.3923253592	2040	50~55
4.0650515306	4.0650515306	2040	55~60
4.2938775822	4.2938775822	2040	60~65
3.7015907373	3.7015907373	2040	65~70
3.6377363462	3.6377363462	2040	70~75
3.4289408296	3.4289408296	2040	75~80
2.7684980253	2.7684980253	2040	80~85
1.859107389	1.859107389	2040	85~90
1.1206932286	1.1206932286	2040	90+
1.3213747392	1.3213747392	2041	0~5
1.5218006442	1.5218006442	2041	5~10
1.7034453622	1.7034453622	2041	10~15
1.8200180967	1.8200180967	2041	15~20
1.9034385613	1.9034385613	2041	20~25
2.1465406382	2.1465406382	2041	25~30
2.1021554963	2.1021554963	2041	30~35
2.4041798872	2.4041798872	2041	35~40
3.0885327763	3.0885327763	2041	40~45
3.4490904827	3.4490904827	2041	45~50
3.4299465219	3.4299465219	2041	50~55
3.8523942932	3.8523942932	2041	55~60
4.3087461064	4.3087461064	2041	60~65
3.8371752815	3.8371752815	2041	65~70
3.6333838856	3.6333838856	2041	70~75
3.46194928	3.46194928	2041	75~80
2.8282404716	2.8282404716	2041	80~85
1.9290687407	1.9290687407	2041	85~90
1.2585187347	1.2585187347	2041	90+
1.3008544896	1.3008544896	2042	0~5
1.4928826257	1.4928826257	2042	5~10
1.6807542134	1.6807542134	2042	10~15
1.8152064573	1.8152064573	2042	15~20
1.8930504711	1.8930504711	2042	20~25
2.0534008703	2.0534008703	2042	25~30
2.1842903584	2.1842903584	2042	30~35
2.3371413768	2.3371413768	2042	35~40
2.9486905993	2.9486905993	2042	40~45
3.4787934662	3.4787934662	2042	45~50
3.4656200669	3.4656200669	2042	50~55
3.6682704932	3.6682704932	2042	55~60
4.3683080121	4.3683080121	2042	60~65
3.9280217777	3.9280217777	2042	65~70
3.6652091624	3.6652091624	2042	70~75
3.4351211183	3.4351211183	2042	75~80
2.9133709343	2.9133709343	2042	80~85
1.9877318045	1.9877318045	2042	85~90
1.3832817027	1.3832817027	2042	90+
1.2832666451	1.2832666451	2043	0~5
1.4650076962	1.4650076962	2043	5~10
1.6560744783	1.6560744783	2043	10~15
1.8078633714	1.8078633714	2043	15~20
1.8874863391	1.8874863391	2043	20~25
2.0357105534	2.0357105534	2043	25~30
2.2003322901	2.2003322901	2043	30~35
2.2957815459	2.2957815459	2043	35~40
2.8820981389	2.8820981389	2043	40~45
3.3787708102	3.3787708102	2043	45~50
3.4578978226	3.4578978226	2043	50~55
3.5950206087	3.5950206087	2043	55~60
4.3441389596	4.3441389596	2043	60~65
4.0615462824	4.0615462824	2043	65~70
3.6597383482	3.6597383482	2043	70~75
3.4344417935	3.4344417935	2043	75~80
2.9870015428	2.9870015428	2043	80~85
2.0620006129	2.0620006129	2043	85~90
1.5058221611	1.5058221611	2043	90+
1.2685016491	1.2685016491	2044	0~5
1.438640778	1.438640778	2044	5~10
1.6302056272	1.6302056272	2044	10~15
1.7971514139	1.7971514139	2044	15~20
1.8859093778	1.8859093778	2044	20~25
2.0163993283	2.0163993283	2044	25~30
2.2198455511	2.2198455511	2044	30~35
2.2681069413	2.2681069413	2044	35~40
2.7671335517	2.7671335517	2044	40~45
3.3189528871	3.3189528871	2044	45~50
3.5050765666	3.5050765666	2044	50~55
3.486933388	3.486933388	2044	55~60
4.2686822781	4.2686822781	2044	60~65
4.2167101886	4.2167101886	2044	65~70
3.6568450582	3.6568450582	2044	70~75
3.4530598774	3.4530598774	2044	75~80
3.0324842284	3.0324842284	2044	80~85
2.1380050086	2.1380050086	2044	85~90
1.6313563007	1.6313563007	2044	90+
1.2562531564	1.2562531564	2045	0~5
1.4141150499	1.4141150499	2045	5~10
1.6039825345	1.6039825345	2045	10~15
1.7831590193	1.7831590193	2045	15~20
1.8863211016	1.8863211016	2045	20~25
2.0007673792	2.0007673792	2045	25~30
2.2878829672	2.2878829672	2045	30~35
2.203676176	2.203676176	2045	35~40
2.5857524698	2.5857524698	2045	40~45
3.3011506823	3.3011506823	2045	45~50
3.5164851264	3.5164851264	2045	50~55
3.4801294353	3.4801294353	2045	55~60
4.1518423977	4.1518423977	2045	60~65
4.3465318423	4.3465318423	2045	65~70
3.6701182553	3.6701182553	2045	70~75
3.4816214117	3.4816214117	2045	75~80
3.0676294049	3.0676294049	2045	80~85
2.1994653871	2.1994653871	2045	85~90
1.7631162031	1.7631162031	2045	90+
1.2462252517	1.2462252517	2046	0~5
1.3926625172	1.3926625172	2046	5~10
1.577183619	1.577183619	2046	10~15
1.7662211457	1.7662211457	2046	15~20
1.8867920255	1.8867920255	2046	20~25
1.9895871263	1.9895871263	2046	25~30
2.2818954054	2.2818954054	2046	30~35
2.2121875343	2.2121875343	2046	35~40
2.4987834645	2.4987834645	2046	40~45
3.1908247989	3.1908247989	2046	45~50
3.5564015409	3.5564015409	2046	50~55
3.526281471	3.526281471	2046	55~60
3.943427904	3.943427904	2046	60~65
4.372012625	4.372012625	2046	65~70
3.8153643795	3.8153643795	2046	70~75
3.4874139422	3.4874139422	2046	75~80
3.10670242	3.10670242	2046	80~85
2.2568987825	2.2568987825	2046	85~90
1.8931340465	1.8931340465	2046	90+
1.2381037481	1.2381037481	2047	0~5
1.3742841052	1.3742841052	2047	5~10
1.550637896	1.550637896	2047	10~15
1.7464571179	1.7464571179	2047	15~20
1.8858169963	1.8858169963	2047	20~25
1.9832492222	1.9832492222	2047	25~30
2.1909322612	2.1909322612	2047	30~35
2.3020145008	2.3020145008	2047	35~40
2.4351386801	2.4351386801	2047	40~45
3.0535327222	3.0535327222	2047	45~50
3.5947000304	3.5947000304	2047	50~55
3.5706297755	3.5706297755	2047	55~60
3.7634567755	3.7634567755	2047	60~65
4.4422662897	4.4422662897	2047	65~70
3.9153794174	3.9153794174	2047	70~75
3.5264819401	3.5264819401	2047	75~80
3.0908464141	3.0908464141	2047	80~85
2.3333528856	2.3333528856	2047	85~90
2.0027192216	2.0027192216	2047	90+
1.2315391034	1.2315391034	2048	0~5
1.3588624655	1.3588624655	2048	5~10
1.5250137615	1.5250137615	2048	10~15
1.7245040809	1.7245040809	2048	15~20
1.882152405	1.882152405	2048	20~25
1.9818330435	1.9818330435	2048	25~30
2.177668698	2.177668698	2048	30~35
2.3237078156	2.3237078156	2048	35~40
2.3976675404	2.3976675404	2048	40~45
2.9912118445	2.9912118445	2048	45~50
3.4990996528	3.4990996528	2048	50~55
3.5704324432	3.5704324432	2048	55~60
3.696672771	3.696672771	2048	60~65
4.4273015724	4.4273015724	2048	65~70
4.0581619865	4.0581619865	2048	70~75
3.5304477365	3.5304477365	2048	75~80
3.1008656164	3.1008656164	2048	80~85
2.401713941	2.401713941	2048	85~90
2.1211435221	2.1211435221	2048	90+
1.2263331826	1.2263331826	2049	0~5
1.3462707315	1.3462707315	2049	5~10
1.5007332902	1.5007332902	2049	10~15
1.7011160187	1.7011160187	2049	15~20
1.8748573279	1.8748573279	2049	20~25
1.9844043513	1.9844043513	2049	25~30
2.1625409365	2.1625409365	2049	30~35
2.3489611056	2.3489611056	2049	35~40
2.3740769688	2.3740769688	2049	40~45
2.8784221061	2.8784221061	2049	45~50
3.4444313387	3.4444313387	2049	50~55
3.6266050665	3.6266050665	2049	55~60
3.5933125945	3.5933125945	2049	60~65
4.3598115306	4.3598115306	2049	65~70
4.2227021729	4.2227021729	2049	70~75
3.5370763163	3.5370763163	2049	75~80
3.1281528548	3.1281528548	2049	80~85
2.447126922	2.447126922	2049	85~90
2.2430651846	2.2430651846	2049	90+
1.2223642041	1.2223642041	2050	0~5
1.3361364922	1.3361364922	2050	5~10
1.478180466	1.478180466	2050	10~15
1.6771152795	1.6771152795	2050	15~20
1.8639450595	1.8639450595	2050	20~25
1.9889067558	1.9889067558	2050	25~30
2.1510334402	2.1510334402	2050	30~35
2.4245048323	2.4245048323	2050	35~40
2.3120332014	2.3120332014	2050	40~45
2.6960275863	2.6960275863	2050	45~50
3.4328287566	3.4328287566	2050	50~55
3.6457843728	3.6457843728	2050	55~60
3.5937486941	3.5937486941	2050	60~65
4.2491061856	4.2491061856	2050	65~70
4.3616670312	4.3616670312	2050	70~75
3.559574748	3.559574748	2050	75~80
3.1639918362	3.1639918362	2050	80~85
2.4836119541	2.4836119541	2050	85~90
2.359439104	2.359439104	2050	90+
1.219368551	1.219368551	2051	0~5
1.3281614013	1.3281614013	2051	5~10
1.4585819459	1.4585819459	2051	10~15
1.6522496264	1.6522496264	2051	15~20
1.8497345166	1.8497345166	2051	20~25
1.9932853146	1.9932853146	2051	25~30
2.1439204746	2.1439204746	2051	30~35
2.4230936546	2.4230936546	2051	35~40
2.3253635999	2.3253635999	2051	40~45
2.6107676044	2.6107676044	2051	45~50
3.324680675	3.324680675	2051	50~55
3.6941201976	3.6941201976	2051	55~60
3.6483421313	3.6483421313	2051	60~65
4.0435442637	4.0435442637	2051	65~70
4.3971980827	4.3971980827	2051	70~75
3.7115750415	3.7115750415	2051	75~80
3.1788774862	3.1788774862	2051	80~85
2.5237589303	2.5237589303	2051	85~90
2.4733765027	2.4733765027	2051	90+
1.2171999477	1.2171999477	2052	0~5
1.3220231164	1.3220231164	2052	5~10
1.4419879949	1.4419879949	2052	10~15
1.6273865198	1.6273865198	2052	15~20
1.8323049649	1.8323049649	2052	20~25
1.9959705137	1.9959705137	2052	25~30
2.141648995	2.141648995	2052	30~35
2.3329394221	2.3329394221	2052	35~40
2.4231861204	2.4231861204	2052	40~45
2.549210557	2.549210557	2052	45~50
3.1877394783	3.1877394783	2052	50~55
3.7405723576	3.7405723576	2052	55~60
3.7009481173	3.7009481173	2052	60~65
3.8665297318	3.8665297318	2052	65~70
4.4762506042	4.4762506042	2052	70~75
3.8174161757	3.8174161757	2052	75~80
3.221083813	3.221083813	2052	80~85
2.5175236191	2.5175236191	2052	85~90
2.5880779513	2.5880779513	2052	90+
1.2158396772	1.2158396772	2053	0~5
1.3173851293	1.3173851293	2053	5~10
1.4282675936	1.4282675936	2053	10~15
1.6032312935	1.6032312935	2053	15~20
1.8123629398	1.8123629398	2053	20~25
1.9956617018	1.9956617018	2053	25~30
2.1443084837	2.1443084837	2053	30~35
2.3233477482	2.3233477482	2053	35~40
2.4499758322	2.4499758322	2053	40~45
2.5144781772	2.5144781772	2053	45~50
3.1281846399	3.1281846399	2053	50~55
3.6472624936	3.6472624936	2053	55~60
3.7072342821	3.7072342821	2053	60~65
3.80542538	3.80542538	2053	65~70
4.4690260475	4.4690260475	2053	70~75
3.9652243008	3.9652243008	2053	75~80
3.2325181268	3.2325181268	2053	80~85
2.5352383871	2.5352383871	2053	85~90
2.7050277656	2.7050277656	2053	90+
1.2151232252	1.2151232252	2054	0~5
1.3140722374	1.3140722374	2054	5~10
1.417346141	1.417346141	2054	10~15
1.5802829966	1.5802829966	2054	15~20
1.7906860237	1.7906860237	2054	20~25
1.9913922921	1.9913922921	2054	25~30
2.1510169855	2.1510169855	2054	30~35
2.3115908066	2.3115908066	2054	35~40
2.4804132326	2.4804132326	2054	40~45
2.4938967173	2.4938967173	2054	45~50
3.0154228364	3.0154228364	2054	50~55
3.596093312	3.596093312	2054	55~60
3.7717015121	3.7717015121	2054	60~65
3.7057664891	3.7057664891	2054	65~70
4.4085711127	4.4085711127	2054	70~75
4.1339111597	4.1339111597	2054	75~80
3.2469904334	3.2469904334	2054	80~85
2.5668425652	2.5668425652	2054	85~90
2.8088799216	2.8088799216	2054	90+
1.2148580611	1.2148580611	2055	0~5
1.3119594528	1.3119594528	2055	5~10
1.4088530986	1.4088530986	2055	10~15
1.558964302	1.558964302	2055	15~20
1.7681297315	1.7681297315	2055	20~25
1.9831862394	1.9831862394	2055	25~30
2.1596069686	2.1596069686	2055	30~35
2.3034165484	2.3034165484	2055	35~40
2.5633214246	2.5633214246	2055	40~45
2.4328273634	2.4328273634	2055	45~50
2.8292806078	2.8292806078	2055	50~55
3.5895165913	3.5895165913	2055	55~60
3.7975839358	3.7975839358	2055	60~65
3.7128533138	3.7128533138	2055	65~70
4.3034499856	4.3034499856	2055	70~75
4.2768783043	4.2768783043	2055	75~80
3.2767404006	3.2767404006	2055	80~85
2.6049744641	2.6049744641	2055	85~90
2.9035992065	2.9035992065	2055	90+
1.2150073871	1.2150073871	2056	0~5
1.3107623744	1.3107623744	2056	5~10
1.4025006843	1.4025006843	2056	10~15
1.5405633393	1.5405633393	2056	15~20
1.7445085068	1.7445085068	2056	20~25
1.9713732455	1.9713732455	2056	25~30
2.1679603402	2.1679603402	2056	30~35
2.2996853486	2.2996853486	2056	35~40
2.5656864307	2.5656864307	2056	40~45
2.4503682738	2.4503682738	2056	45~50
2.7441109407	2.7441109407	2056	50~55
3.4816489366	3.4816489366	2056	55~60
3.8536142693	3.8536142693	2056	60~65
3.77485638	3.77485638	2056	65~70
4.1013677312	4.1013677312	2056	70~75
4.3207743554	4.3207743554	2056	75~80
3.4286618092	3.4286618092	2056	80~85
2.6256214595	2.6256214595	2056	85~90
3.0009281876	3.0009281876	2056	90+
1.2154176067	1.2154176067	2057	0~5
1.3103743208	1.3103743208	2057	5~10
1.3979994274	1.3979994274	2057	10~15
1.5252020594	1.5252020594	2057	15~20
1.7207217135	1.7207217135	2057	20~25
1.9560516425	1.9560516425	2057	25~30
2.1744819377	2.1744819377	2057	30~35
2.3009306638	2.3009306638	2057	35~40
2.474926054	2.474926054	2057	40~45
2.556433898	2.556433898	2057	45~50
2.6834088403	2.6834088403	2057	50~55
3.3432079816	3.3432079816	2057	55~60
3.9076355075	3.9076355075	2057	60~65
3.8346533769	3.8346533769	2057	65~70
3.9282996105	3.9282996105	2057	70~75
4.4053448988	4.4053448988	2057	75~80
3.5341485433	3.5341485433	2057	80~85
2.6657401215	2.6657401215	2057	85~90
3.065021796	3.065021796	2057	90+
1.2158439523	1.2158439523	2058	0~5
1.3108089637	1.3108089637	2058	5~10
1.3950078609	1.3950078609	2058	10~15
1.5128003109	1.5128003109	2058	15~20
1.6975494932	1.6975494932	2058	20~25
1.9379824722	1.9379824722	2058	25~30
2.1778164805	2.1778164805	2058	30~35
2.3072760605	2.3072760605	2058	35~40
2.468404296	2.468404296	2058	40~45
2.5881267627	2.5881267627	2058	45~50
2.6506142521	2.6506142521	2058	50~55
3.2851494688	3.2851494688	2058	55~60
3.8153665163	3.8153665163	2058	60~65
3.8472092317	3.8472092317	2058	65~70
3.8735537034	3.8735537034	2058	70~75
4.4048867817	4.4048867817	2058	75~80
3.6785247505	3.6785247505	2058	80~85
2.6821498031	2.6821498031	2058	85~90
3.1509288397	3.1509288397	2058	90+
1.2161361617	1.2161361617	2059	0~5
1.311887449	1.311887449	2059	5~10
1.3933752606	1.3933752606	2059	10~15
1.5032553158	1.5032553158	2059	15~20
1.6755568584	1.6755568584	2059	20~25
1.9179944963	1.9179944963	2059	25~30
2.1769700979	2.1769700979	2059	30~35
2.3178691974	2.3178691974	2059	35~40
2.4595299136	2.4595299136	2059	40~45
2.6236505524	2.6236505524	2059	45~50
2.6325619865	2.6325619865	2059	50~55
3.1710716611	3.1710716611	2059	55~60
3.7670082751	3.7670082751	2059	60~65
3.9194611525	3.9194611525	2059	65~70
3.7788418306	3.7788418306	2059	70~75
4.3522252628	4.3522252628	2059	75~80
3.8420145727	3.8420145727	2059	80~85
2.7019934567	2.7019934567	2059	85~90
3.2385964989	3.2385964989	2059	90+
1.2161245596	1.2161245596	2060	0~5
1.3134629864	1.3134629864	2060	5~10
1.392984794	1.392984794	2060	10~15
1.4962446112	1.4962446112	2060	15~20
1.6552095543	1.6552095543	2060	20~25
1.8970582281	1.8970582281	2060	25~30
2.1719859179	2.1719859179	2060	30~35
2.3304735833	2.3304735833	2060	35~40
2.4543979514	2.4543979514	2060	40~45
2.7144723396	2.7144723396	2060	45~50
2.5718240001	2.5718240001	2060	50~55
2.9797181104	2.9797181104	2060	55~60
3.7654063668	3.7654063668	2060	60~65
3.952205516	3.952205516	2060	65~70
3.7929101499	3.7929101499	2060	70~75
4.2546264993	4.2546264993	2060	75~80
3.9802600041	3.9802600041	2060	80~85
2.7355826994	2.7355826994	2060	85~90
3.3250521282	3.3250521282	2060	90+
1.2157569803	1.2157569803	2061	0~5
1.3154927708	1.3154927708	2061	5~10
1.3936138292	1.3936138292	2061	10~15
1.4915014804	1.4915014804	2061	15~20
1.6379452728	1.6379452728	2061	20~25
1.8749531991	1.8749531991	2061	25~30
2.163236368	2.163236368	2061	30~35
2.3429254239	2.3429254239	2061	35~40
2.4539837226	2.4539837226	2061	40~45
2.7207105777	2.7207105777	2061	45~50
2.593805016	2.593805016	2061	50~55
2.894122333	2.894122333	2061	55~60
3.6573454241	3.6573454241	2061	60~65
4.0161765292	4.0161765292	2061	65~70
3.8616657152	3.8616657152	2061	70~75
4.0606646397	4.0606646397	2061	75~80
4.0309935076	4.0309935076	2061	80~85
2.8750780016	2.8750780016	2061	85~90
3.4000292091	3.4000292091	2061	90+
